{"CCC": {"L": 0.3678, "SL": -3.39336, "C": -5.3981, "R": -2.15401, "SR": -2.79376}, "CCF": {"L": -6.47445, "SL": -6.3774, "C": -8.75251, "R": -0.63668, "SR": -3.81857}, "CCV": {"L": 0, "SL": 0, "C": 0, "R": 0, "SR": 0}, "CFC": {"L": -0.01922, "SL": -0.19014, "C": -5.01709, "R": -0.33237, "SR": -0.39307}, "CFF": {"L": -2.32355, "SL": -3.83406, "C": -1.91758, "R": -1.76629, "SR": -1.76491}, "CFV": {"L": -0.0153, "SL": 0, "C": 0, "R": 0, "SR": 0}, "CVC": {"L": -15.04133, "SL": -16.79468, "C": -10.62529, "R": -15.0274, "SR": -15.61923}, "CVF": {"L": -11.36757, "SL": -12.00812, "C": -12.98872, "R": -13.13891, "SR": -13.39896}, "CVV": {"L": 0, "SL": 0, "C": 0, "R": 0, "SR": 0}, "FCC": {"L": -3.06562, "SL": -0.3351, "C": -5.33121, "R": -5.40102, "SR": -7.79946}, "FCF": {"L": -1.76582, "SL": -2.51598, "C": -3.19436, "R": -1.92383, "SR": -3.41659}, "FCV": {"L": -4.9987, "SL": -8.57616, "C": -5.0, "R": -5.43116, "SR": -5.0}, "FFC": {"L": -2.337, "SL": -1.63128, "C": -2.04799, "R": -2.93545, "SR": -10.76851}, "FFF": {"L": -2.77712, "SL": -2.78529, "C": -2.54948, "R": -2.77357, "SR": -3.40266}, "FFV": {"L": -1.8637, "SL": -6.7157, "C": -7.52128, "R": -8.18312, "SR": -11.09659}, "FVC": {"L": -8.68859, "SL": -8.084, "C": -8.77027, "R": -10.46632, "SR": -10.39367}, "FVF": {"L": -2.95347, "SL": -5.8899, "C": -5.01553, "R": -3.93588, "SR": -5.21782}, "FVV": {"L": -12.1843, "SL": -13.1218, "C": -14.69375, "R": -9.70402, "SR": -9.84375}, "VCC": {"L": 0, "SL": 0, "C": 0, "R": 0, "SR": 0}, "VCF": {"L": -12.98703, "SL": -10.0, "C": -8.75, "R": -10.13538, "SR": -9.97211}, "VCV": {"L": 0, "SL": 0, "C": 0, "R": 0, "SR": 0}, "VFC": {"L": -5.21782, "SL": -4.14979, "C": -5.0, "R": -0.4803, "SR": -1.01442}, "VFF": {"L": -5.02135, "SL": -7.70152, "C": -10.30647, "R": -1.37544, "SR": -2.01772}, "VFV": {"L": 0, "SL": 0, "C": 0, "R": 0, "SR": 0}, "VVC": {"L": 0, "SL": 0, "C": -5.0, "R": 0, "SR": 0}, "VVF": {"L": -13.75502, "SL": -9.84375, "C": -14.6875, "R": -10.64105, "SR": -10.0}, "VVV": {"L": 0, "SL": 0, "C": 0, "R": 0, "SR": 0}}