{"CCC": {"L": -7.81384, "SL": -1.02551, "C": -3.86711, "R": 0.37021, "SR": -1.90757}, "CCF": {"L": -4.81425, "SL": -6.29985, "C": -1.7282, "R": -3.59629, "SR": -0.2534}, "CCV": {"L": -0.00119, "SL": 0, "C": 0, "R": 0, "SR": 0}, "CFC": {"L": -2.40387, "SL": -8.45361, "C": -0.06635, "R": -0.07819, "SR": -0.12639}, "CFF": {"L": -8.96915, "SL": -3.10636, "C": -0.7859, "R": -0.90004, "SR": -0.92238}, "CFV": {"L": 0.02177, "SL": 0, "C": 0, "R": 0, "SR": 0}, "CVC": {"L": -18.77178, "SL": -12.97136, "C": -18.65794, "R": -16.07158, "SR": -16.55001}, "CVF": {"L": -11.93546, "SL": -9.81589, "C": -11.875, "R": -11.14657, "SR": -8.4221}, "CVV": {"L": -7.51044, "SL": 0, "C": -5.0, "R": 0, "SR": 0}, "FCC": {"L": -0.5054, "SL": -4.71774, "C": -9.25001, "R": -7.75124, "SR": -6.04322}, "FCF": {"L": -2.31358, "SL": -2.82244, "C": -2.6488, "R": -2.14537, "SR": -1.32298}, "FCV": {"L": -6.28872, "SL": -5.41492, "C": -7.5, "R": -7.51044, "SR": -7.51044}, "FFC": {"L": -1.0051, "SL": -0.88045, "C": -1.32972, "R": -1.00801, "SR": -2.59517}, "FFF": {"L": -1.86773, "SL": -1.81538, "C": -1.92775, "R": -1.90364, "SR": -1.87962}, "FFV": {"L": -0.4564, "SL": -2.6912, "C": -5.0, "R": -5.43698, "SR": -15.55384}, "FVC": {"L": -8.5715, "SL": -9.81052, "C": -8.75, "R": -9.55101, "SR": -14.61842}, "FVF": {"L": -5.70764, "SL": -7.61858, "C": -8.43172, "R": -4.73625, "SR": -9.375}, "FVV": {"L": -9.47752, "SL": -9.65549, "C": -10.0, "R": -13.66412, "SR": -9.375}, "VCC": {"L": 0, "SL": 0, "C": -5.0, "R": 0, "SR": 0}, "VCF": {"L": -5.0373, "SL": -5.0, "C": -10.0, "R": -7.39989, "SR": 0.34525}, "VCV": {"L": 0, "SL": 0, "C": 0, "R": 0, "SR": 0}, "VFC": {"L": 0, "SL": 0, "C": 0, "R": 0, "SR": 0}, "VFF": {"L": -8.55172, "SL": -11.17752, "C": -7.34984, "R": -7.41436, "SR": -0.74555}, "VFV": {"L": 0, "SL": 0, "C": 0, "R": 0, "SR": 0}, "VVC": {"L": -5.0, "SL": 0, "C": 0, "R": 0, "SR": 0}, "VVF": {"L": -8.77106, "SL": -9.375, "C": -10.0, "R": -13.75, "SR": -9.93009}, "VVV": {"L": 0, "SL": 0, "C": 0, "R": 0, "SR": 0}}