{"CCC": {"L": -0.28437, "SL": -0.6842, "C": -0.08225, "R": -0.08402, "SR": -5.89772}, "CCF": {"L": -5.77304, "SL": -5.84049, "C": -3.6254, "R": -0.63257, "SR": -1.18256}, "CCV": {"L": -0.01075, "SL": -0.11123, "C": -5.0, "R": 0, "SR": 0}, "CFC": {"L": -0.22855, "SL": -4.26638, "C": -0.17066, "R": -0.21397, "SR": -2.95703}, "CFF": {"L": -1.60915, "SL": -1.57572, "C": -6.3204, "R": -1.48608, "SR": -1.48252}, "CFV": {"L": -0.24074, "SL": -4.69053, "C": 0, "R": 0, "SR": 0}, "CVC": {"L": -16.02634, "SL": -14.84481, "C": -16.25, "R": -14.86226, "SR": -11.91112}, "CVF": {"L": -9.47931, "SL": -11.74578, "C": -8.77744, "R": -10.1039, "SR": -11.44215}, "CVV": {"L": -5.0, "SL": -5.0, "C": 0, "R": 0, "SR": 0}, "FCC": {"L": -2.74046, "SL": -2.72158, "C": -4.56816, "R": -3.78188, "SR": -2.34342}, "FCF": {"L": -2.24684, "SL": -2.32402, "C": -2.36134, "R": -1.48674, "SR": -2.16662}, "FCV": {"L": -2.37225, "SL": -6.10275, "C": -7.51059, "R": -11.2803, "SR": -10.01059}, "FFC": {"L": -1.44395, "SL": -1.45377, "C": -1.44939, "R": -1.54491, "SR": -2.93754}, "FFF": {"L": -2.46007, "SL": -2.4549, "C": -2.30176, "R": -2.47429, "SR": -2.46854}, "FFV": {"L": -5.0, "SL": -1.2497, "C": -4.99788, "R": -6.04172, "SR": -9.23038}, "FVC": {"L": -3.32488, "SL": -8.33572, "C": -8.76059, "R": -12.03826, "SR": -6.27039}, "FVF": {"L": -0.40687, "SL": -4.99788, "C": -1.70865, "R": -6.51345, "SR": -5.0}, "FVV": {"L": -11.26059, "SL": -9.16836, "C": -10.0, "R": -10.02118, "SR": -7.5}, "VCC": {"L": 0, "SL": 0, "C": -7.46004, "R": 0, "SR": 0}, "VCF": {"L": -10.7557, "SL": -7.5, "C": -8.75, "R": -9.99268, "SR": -2.45872}, "VCV": {"L": 0, "SL": 0, "C": 0, "R": 0, "SR": 0}, "VFC": {"L": -2.28651, "SL": -5.83343, "C": 0, "R": 0, "SR": 0}, "VFF": {"L": -7.2937, "SL": -7.5, "C": -3.91816, "R": -7.07746, "SR": -1.2162}, "VFV": {"L": 0, "SL": 0, "C": 0, "R": 0, "SR": 0}, "VVC": {"L": -5.0, "SL": 0, "C": 0, "R": 0, "SR": 0}, "VVF": {"L": -13.7602, "SL": -9.6875, "C": -13.1352, "R": -13.7602, "SR": -11.22658}, "VVV": {"L": -5.0, "SL": 0, "C": 0, "R": 0, "SR": -5.0}}