{"CCC": {"L": 0.00837, "SL": 0, "C": 0, "R": 0, "SR": 0}, "CCF": {"L": -0.17577, "SL": 0.3288, "C": 0.1065, "R": -0.27238, "SR": -0.30231}, "CFC": {"L": 0, "SL": 0, "C": 0, "R": 0, "SR": 0}, "CFF": {"L": -0.00474, "SL": 0.13929, "C": 1.14755, "R": -0.26453, "SR": 1.07088}, "FCC": {"L": 0.44995, "SL": 0.45215, "C": -0.06408, "R": -0.01028, "SR": -0.29162}, "FCF": {"L": -0.03282, "SL": 1.11383, "C": 0.1118, "R": 0.02892, "SR": 0.09017}, "FFC": {"L": 0.05046, "SL": 2.0643, "C": 0.66664, "R": 0.21578, "SR": -0.02258}, "FFF": {"L": 1.47062, "SL": 0.9996, "C": 1.06515, "R": 1.50218, "SR": 1.40812}}